{
    "meta": {
        "id": "main",
        "title": "ShitHub",
        "summary": "呱呱群记录 | ShitHub",
        "authors": [
            "JuX"
        ],
        "publishedDate": "2025-08-19T12:25:00.000Z",
        "updatedDate": "2025-08-19T12:25:00.000Z"
    },
    "content": [
        {
            "id": "block_003",
            "type": "image",
            "data": {
                "url": "/assets/logo.jpg",
                "width": "55%",
                "alt": "logo"
            }
        },
        {
            "id": "block_004",
            "type": "heading",
            "data": {
                "text": "聊天记录查看",
                "level": 2
            }
        },
        {
            "id": "block_005",
            "type": "list",
            "data": {
                "style": "unordered",
                "items": [
                    "[sajvwm](/?page=gua/doc/sajvwm)",
                    "[微尘Dust](/?page=gua/doc/sajvwm)",
                    "[云里是个太阳](/?page=gua/doc/sunpromax)",
                    "[棍母](/?page=gua/doc/dghj)",
                    "[Howie114514](/?page=gua/doc/howie)"
                ]
            }
        },
        {
            "id": "block_012",
            "type": "embed",
            "data": {
                "url": "/?page=gua/wiki/wiki",
                "title": "点击查看wiki"
            }
        }
    ]
}