{
    "meta": {
        "id": "main",
        "title": "ShitHub",
        "summary": "欢迎来到主页 | ShitHub",
        "authors": [
            "JuX"
        ],
        "publishedDate": "2025-08-19T12:25:00.000Z",
        "updatedDate": "2025-08-19T12:25:00.000Z"
    },
    "content": [
        {
            "id": "block_001",
            "type": "image",
            "data": {
                "url": "/assets/logo.jpg",
                "width": "55%",
                "alt": "logo"
            }
        },
        {
            "id": "block_002",
            "type": "heading",
            "data": {
                "text": "ShitHub，你的找屎乐园",
                "level": 2
            }
        },
        {
            "id": "block_003",
            "type": "list",
            "data": {
                "style": "unordered",
                "items": [
                    "[deathnote](/?page=deathnote)",
                    "[呱呱的奇妙冒险](/?page=gua/main)"
                ]
            }
        }
    ]
}